X,Y,Test or train,Raw prediction,Cumulative prediction,Logistic prediction
6.75,51.9,train,1.318994457082273E10,100.0,0.9999999999989715
7.53966,48.52853,train,0.2137217492028248,100.0,0.9403148004416766
7.5833,48.5667,train,1.691914376600221E8,100.0,0.9999999999198205
9.058076,51.361698,train,1.9227352953828564E11,100.0,0.9999999999999295
8.835583,49.756752,train,5.839047183568826E9,100.0,0.9999999999976767
8.561954,49.088791,train,0.04762948568712429,90.8367107471565,0.7783208406323262
10.283653,59.749397,train,4.998946252465462E10,100.0,0.9999999999997287
10.418751,53.220058,train,22.342064780297765,100.0,0.9993931865812803
10.352213,53.248074,train,1.768695078798255E10,100.0,0.9999999999992331
1.606,42.531,train,2.407873978022771E9,100.0,0.9999999999943661
1.485,42.522,train,4.364180717045799E9,100.0,0.9999999999968916
28.768729,61.167933,train,4.887084443933325E-12,3.529311507837346E-9,3.6025311501936393E-10
-3.184044,47.746174,train,1.2051174938912608E-5,0.012720014802895193,8.875680397495844E-4
-3.48675,47.80599,train,4.7439407797725556E-21,3.784223785525448E-18,3.4970123058087463E-19
11.518249,48.041641,train,9.613408381685015E-12,7.6298875426731E-9,7.086557136428988E-10
15.608204,44.876346,train,6.389616942653135,100.0,0.9978814134592657
15.61056,44.877013,train,6.389616942653135,100.0,0.9978814134592657
12.41411,55.76822,train,396.32105208247634,100.0,0.9999657721128845
12.34345,55.78706,train,396.32105208247634,100.0,0.9999657721128845
-2.780763,51.457425,train,0.04110219962910925,88.20050330028009,0.7518525953323912
-3.328841,51.940743,train,1.0673512538445717E7,100.0,0.9999999987290317
-0.75,46.533333,train,6.884417468281136E-12,5.262204987229859E-9,5.074872075835733E-10
-0.35,46.1167,train,1.237404471802873E-11,1.0025025783471047E-8,9.121569728823177E-10
-1.69732,47.26023,train,1.506379854633093E-11,1.1752389557981579E-8,1.1104331035256529E-9
3.32848,46.9047,train,1.1310305130133705E7,100.0,0.9999999988005897
3.85111,46.72194,train,1.1310305130133705E7,100.0,0.9999999988005897
-4.00432,48.67943,train,1.7540968774712154E-22,1.3992365069449157E-19,1.2930385624231236E-20
4.25845,47.3485,train,8.083243585003592E9,100.0,0.9999999999983218
5.07732,47.96702,train,2.1411777961038537E7,100.0,0.9999999993664377
6.2009,46.54081,train,4.989866934008204E-5,0.07775751537585009,0.0036648173296509176
5.442717,44.881646,train,4.344032118165174E9,100.0,0.9999999999968772
2.31825,43.66189,train,4.965246237668458E-12,3.5971249676110173E-9,3.6601483859531545E-10
2.36121,43.96856,train,8.924528366272024E-12,7.032212707159486E-9,6.578746858083052E-10
4.34574,45.54642,train,8170161.473042125,100.0,0.9999999983396048
2.93565,45.73455,train,1.0483261503439909E10,100.0,0.9999999999987059
-0.18904,44.15764,train,0.029928352322234664,75.03335308712609,0.6881022368170654
-0.32448,44.3338,train,0.029928352322234664,75.03335308712609,0.6881022368170654
1.74668,44.93338,train,0.0041119621168748685,12.065248936699044,0.23260784658566352
8.025152,60.500506,train,2.1222193564227796E9,100.0,0.9999999999936078
8.196283,60.620649,train,4.816326693585228E7,100.0,0.9999999997183394
11.439039,62.54082,train,1.0977282499013975E7,100.0,0.9999999987642026
12.070851,62.344111,train,4.691724191262239E-14,3.742570808514801E-11,3.4585206675017803E-12
12.356309,61.357312,train,3.240738151143515E-24,2.5851246808365563E-21,2.3889213041559306E-22
12.541586,61.475758,train,3.067170479065966E-14,2.4466703991400567E-11,2.2609752961117245E-12
6.419657,59.244544,train,5.49018499514338E-15,4.379500000114374E-12,4.047108802672628E-13
6.321858,59.565622,train,0.01404791602688292,44.72464431335958,0.5087315534705683
6.02483,62.154938,train,0.9362232280213874,100.0,0.9857171459823961
10.926442,61.208172,train,45670.562648064435,100.0,0.9999997029663805
8.003863,58.261442,train,283.89304805711566,100.0,0.9999522177508374
8.01935,58.901516,train,5.967513770287712E-11,2.7521405842400424E-8,4.398973336041509E-9
8.986926,63.542629,train,3.861681787783443E8,100.0,0.999999999964871
11.420749,60.673433,train,6.64225264866246E-5,0.09658316557556648,0.004872501925665542
12.188189,60.905208,train,1.053761772695191E-17,8.405818178661555E-15,7.767841247551565E-16
8.186239,62.551194,train,1.1024024373117638E10,100.0,0.9999999999987694
7.514659,62.330206,train,0.011057386745955815,38.775707672744566,0.4490658870693214
12.030292,64.041337,train,5.967513770287712E-11,2.7521405842400424E-8,4.398973336041509E-9
9.531583,60.22376,train,7.4813088338834275,100.0,0.9981900035147757
9.971057,56.031108,train,2.888544488541673E11,100.0,0.999999999999953
13.8389,50.1721,train,4.12164364735977E10,100.0,0.9999999999996708
14.143311,50.575465,train,3.2665402029291277E9,100.0,0.9999999999958471
13.459704,42.66186,train,4.407198250382277E8,100.0,0.9999999999692192
14.079909,42.146818,train,0.1513344616140069,100.0,0.9177338778341133
-1.088498,53.542666,train,7.312768762531301,100.0,0.9981483651022148
13.834657,58.200671,train,5.732232808797616E10,100.0,0.9999999999997633
13.54778,58.36778,train,3.16267705467874E10,100.0,0.9999999999995711
16.138791,56.817788,train,3.16267705467874E10,100.0,0.9999999999995711
15.678369,56.221915,train,106.60028577978296,100.0,0.9998727585921581
17.09493,47.68748,train,130.00904348220158,100.0,0.9998956666333418
17.89767,46.78301,train,9201916.089172455,100.0,0.9999999985257748
17.95432,46.77266,train,9201916.089172455,100.0,0.9999999985257748
6.74577,45.45714,train,0.07655447360829314,100.0,0.8494710281575301
6.49415,45.04947,train,6.678353489654275E-4,0.9548277738101497,0.0469198617295909
0.465891,49.571483,train,1.5121185048247965E-13,1.2062112657244252E-10,1.114663370525468E-11
0.84592,49.85473,train,38439.35620053908,100.0,0.9999996470884762
-0.79673,45.76075,train,1.758611459654529E-12,1.3340630614340386E-9,1.2963665020805275E-10
-1.04711,45.66187,train,1.4321310896989142E-21,1.1424056043737003E-18,1.055700371632486E-19
4.14132,48.06983,train,7.732342445551096E7,100.0,0.999999999824559
3.40952,48.49043,train,0.029928352322234664,75.03335308712609,0.6881022368170654
3.62889,50.14158,train,1.318994457082273E10,100.0,0.9999999999989715
4.18568,50.04764,train,6.02803366825091E9,100.0,0.9999999999977496
5.36933,48.5016,train,8.083243585003592E9,100.0,0.9999999999983218
5.66273,48.94535,train,5.788735170164499E9,100.0,0.9999999999976565
0.21048,48.76249,train,0.17466173782270705,100.0,0.9279292277346387
0.08458,48.57947,train,0.22368746390071964,100.0,0.9428218510088299
0.68232,47.33219,train,1.0490248139321504E-11,8.39063694197597E-9,7.732922586690796E-10
0.27617,47.50352,train,6.884417468281136E-12,5.262204987229859E-9,5.074872075835733E-10
2.51599,49.60321,train,1.0721054073620369E8,100.0,0.9999999998734668
2.93068,49.69402,train,1.0721054073620369E8,100.0,0.9999999998734668
1.96371,50.40236,train,3.2538289959618E7,100.0,0.9999999995830852
2.08027,50.76814,train,1.4870563430400632E7,100.0,0.9999999990877483
-1.23997,49.44819,train,1.673686017440506E-14,1.3350930651801647E-11,1.2337634196443054E-12
4.866667,49.95,train,1.0916625383299171E10,100.0,0.9999999999987573
-0.74,42.75,train,4.347596819879453E9,100.0,0.9999999999968797
-0.524265,42.682448,train,4.347596819879453E9,100.0,0.9999999999968797
0.61398,45.8895,train,0.015542614413863792,45.94661118584025,0.5339579623587282
3.06629,47.3553,train,1.1310305130133705E7,100.0,0.9999999988005897
2.63467,47.76971,train,2.1028617688178685E7,100.0,0.9999999993548936
1.9981,48.47228,train,0.01165868573015032,40.38722737062185,0.4621990579310796
1.7135,48.51826,train,0.01254316608885662,41.00366952049198,0.4804179430889833
-1.24548,43.2207,train,0.022475843318924625,62.56215745126394,0.6236094072593918
-1.01229,43.40977,train,0.0017111768709262949,4.434206322948007,0.11201093463046426
0.25691,43.80823,train,0.02177119718506481,61.15242330692309,0.6161038755641158
0.45989,43.63435,train,0.005522577601421949,17.985194940352873,0.28931780607835517
1.49186,46.80524,train,4.471826879888805E-11,2.5999985009315056E-8,3.2964225952284476E-9
7.14044,47.42292,train,25.34026176956273,100.0,0.9994649448263612
6.94208,47.37726,train,94.66845882476082,100.0,0.9998567236323275
7.28847,44.02824,train,0.2969385071023041,100.0,0.9563107474958175
7.49167,44.12472,train,2.9398100965786755E8,100.0,0.9999999999538552
7.120686,49.949959,train,8.69647481458258E9,100.0,0.9999999999984401
6.388852,49.821377,train,5.788735170164499E9,100.0,0.9999999999976565
-3.509239,55.599316,train,3923606.3172275443,100.0,0.9999999965425439
-3.492232,55.15019,train,1565052.8421346615,100.0,0.999999991332116
-3.887526,52.574518,train,8.246051148127345E-11,2.983912844368674E-8,6.07860500430325E-9
-4.100998,52.197004,train,8.246051148127345E-11,2.983912844368674E-8,6.07860500430325E-9
-1.6846,55.22,train,1.2078487590622479E8,100.0,0.9999999998876872
24.1,56.59,train,6.821674761767079E9,100.0,0.9999999999980114
9.13524,47.63576,train,2.123970976648334E-12,1.5757517069569814E-9,1.5656925299377426E-10
8.86073,47.3246,train,0.039995586626494384,87.65831232869547,0.7467256990325388
7.70736,52.243706,train,4.1978501489943724E9,100.0,0.9999999999967684
11.181821,45.687529,train,3.1939560172319706E10,100.0,0.9999999999995752
16.108038,46.872485,train,1.3781959991955117,100.0,0.9902528596679357
15.521537,46.655075,train,9.144882435155099E-5,0.13185223963607043,0.006696042386313839
-1.09719,51.510503,train,0.22368746390071964,100.0,0.9428218510088299
4.95,51.6,train,0.29632966284758355,100.0,0.9562249122305483
4.452036,51.174354,train,2167113.7288333033,100.0,0.999999993740201
5.84912,50.7922,train,6.541713951120885E9,100.0,0.9999999999979263
5.995511,52.66725,train,1.6106346895528826E8,100.0,0.9999999999157743
5.7,52.35,train,1.318994457082273E10,100.0,0.9999999999989715
-0.459102,52.583276,train,6.02803366825091E9,100.0,0.9999999999977496
-0.266878,52.316417,train,0.059439665504287593,98.93280868939702,0.8141821891678135
-3.306339,53.035594,train,1.436665813178166E10,100.0,0.9999999999990558
-4.056196,50.736462,train,0.02236185408811689,61.53492491807075,0.6224152130162824
-4.329779,50.394026,train,8.053349555747821E-5,0.11602894084326892,0.005901519705117994
30.183557,60.032063,train,1.0199532259331268E10,100.0,0.99999999999867
9.142002,61.897914,train,2.36002096318045E10,100.0,0.9999999999994252
9.432023,62.172753,train,9.393268627263902E10,100.0,0.9999999999998556
9.539956,62.24912,train,9.393268627263902E10,100.0,0.9999999999998556
14.335809,65.698807,train,1.0310516355918534E8,100.0,0.9999999998684286
14.34353,65.6948,train,1.0310516355918534E8,100.0,0.9999999998684286
12.547785,65.04317,train,5.272237801106628E-15,4.205644340031292E-12,3.886448276973793E-13
13.630662,52.41954,train,9.512979559574062E9,100.0,0.999999999998574
13.813173,53.01738,train,2.6199840074863388E10,100.0,0.9999999999994822
9.418545,54.670902,train,2.266382046880389E11,100.0,0.9999999999999402
7.1,53.15,train,6.02803366825091E9,100.0,0.9999999999977496
11.831644,54.144328,train,6.02803366825091E9,100.0,0.9999999999977496
12.232933,54.211651,train,3.632662471182068E10,100.0,0.9999999999996265
23.6725,52.6815,train,3.16267705467874E10,100.0,0.9999999999995711
23.7075,52.7655,train,0.011732057059641532,40.43836381434859,0.46375884741747914
12.37565,51.298563,train,6.008004336172287E8,100.0,0.9999999999774206
14.432609,45.581724,train,6.967724157123114E-5,0.10029127926332544,0.005110035309558454
14.5118,45.609267,train,3.5579535322355324E-13,2.8381662017976346E-10,2.6227577162111105E-11
20.082144,64.107079,train,5.860166426080603E-5,0.08767284789261298,0.004301261122432848
19.840218,64.153338,train,2.0566311648235865E-6,0.0016644175278082898,1.515822948911672E-4
15.915717,50.234188,train,1.248479521823253E11,100.0,0.9999999999998913
9.768397,52.444244,train,5.224602058273236,100.0,0.9974102210558674
9.825253,52.370926,train,0.06295415574969815,100.0,0.8227166395608076
16.544973,59.276818,train,6.821674761767079E9,100.0,0.9999999999980114
16.290085,59.889301,train,6.821674761767079E9,100.0,0.9999999999980114
-2.436222,56.861158,train,1.433869086563852E11,100.0,0.9999999999999054
-2.192725,56.981115,train,2.9878514483621212E10,100.0,0.9999999999995459
16.996248,49.273082,train,2.0384363522576083,100.0,0.9933890433661463
16.685637,49.225919,train,4.290511813443372E10,100.0,0.9999999999996838
10.923356,51.45298,train,4.347596819879453E9,100.0,0.9999999999968797
10.268955,51.479832,train,1.0658653533332246E11,100.0,0.9999999999998728
16.76,52.02,train,1.960838389167823E10,100.0,0.9999999999993082
16.988443,51.147221,train,4.789324333502678,100.0,0.9971755138109784
11.866279,46.192039,train,275.47210529744797,100.0,0.9999507571609502
12.012738,50.420842,train,7.87339427950111E9,100.0,0.999999999998277
-3.865016,56.403201,train,2.5388742857452E8,100.0,0.9999999999465681
-4.6128,56.1288,train,5.858915917781218E-11,2.7410940374660716E-8,4.318920055252653E-9
10.97977,43.086315,train,6.884417468281136E-12,5.262204987229859E-9,5.074872075835733E-10
11.002856,43.117265,train,1.0313824843340904E-12,8.227299433907599E-10,7.60287155104541E-11
8.22435,50.417953,train,8.083243585003592E9,100.0,0.9999999999983218
7.280192,50.407978,train,1.768695078798255E10,100.0,0.9999999999992331
11.145287,49.446922,train,4.789324333502678,100.0,0.9971755138109784
10.707221,49.146065,train,1.7327527950517073E9,100.0,0.999999999992171
9.393225,48.854298,train,1.7723469355504393E-8,2.5459964112753946E-6,1.3064899487553313E-6
9.392034,48.854931,train,1.7723469355504393E-8,2.5459964112753946E-6,1.3064899487553313E-6
8.707306,53.723427,train,6.02803366825091E9,100.0,0.9999999999977496
12.020784,52.641838,train,7.732342445551096E7,100.0,0.999999999824559
12.97,47.73,train,6082.903743480219,100.0,0.9999977698699707
12.9,47.41,train,0.0012057372681776456,3.0928665931932904,0.08162628505964427
23.629,48.151,train,0.0011177093505045882,2.5729547968431437,0.07612057839461697
24.154,48.033,train,2.067690691450333E-5,0.03055108773286425,0.0015218856576387674
31.244,49.929,train,8.409539774903634E9,100.0,0.9999999999983868
31.239,49.929,train,8.409539774903634E9,100.0,0.9999999999983868
24.726,48.0,train,0.005590060689215021,18.31309570250228,0.29182144131804927
26.674,51.323,train,1.3416324902232513E9,100.0,0.9999999999898886
26.845,51.385,train,3.6618813247155004E-4,0.46600634070302005,0.026284177670559246
2.6,51.066667,train,2.3458745712825015E8,100.0,0.9999999999421721
8.95465,45.97386,train,4.338871085505985E-24,3.4611012081157505E-21,3.198413783752934E-22
8.95,45.9,train,7.540563159626952E-6,0.005950913273645446,5.555464103890028E-4
-3.683231,57.236917,train,1.9888381362708435E10,100.0,0.9999999999993179
-1.90795,50.92383,train,0.008244537431614778,30.592969606665875,0.37801233291707365
-1.801218,50.984186,train,0.008244537431614778,30.592969606665875,0.37801233291707365
29.799722,58.931111,train,2.129267609392769E-6,0.00178808321857096,1.5693506364774406E-4
21.882357,63.017194,train,4.661363323365741E9,100.0,0.9999999999970898
21.350316,62.268078,train,1.4926511187518955E10,100.0,0.9999999999990912
8.754621,59.846573,train,1.3555529836423279E-11,1.102773650474365E-8,9.992505556663851E-10
8.656427,59.850841,train,8.629575247497893E-8,1.0512994478355798E-5,6.3612806875791515E-6
5.268651,60.322329,train,4.0152639962398764E-14,3.202961045492519E-11,2.9598657018971673E-12
19.62552,48.567636,train,18.17128094173416,100.0,0.9992540109450948
20.778266,67.184544,train,0.006664058646496879,23.077077768435494,0.3294186498731329
10.08771,46.71794,train,6.141118352300052E-5,0.09087373654653758,0.00450654568020002
9.69549,46.72637,train,4.579704644439688E-5,0.07308453150770564,0.0033645864133395077
13.89,48.08,train,9.277036513880902E-4,1.8830854756082338,0.06400869623625936
13.386497,48.613846,train,332.5645524498137,100.0,0.999959210495769
1.409414,52.215908,train,6.02803366825091E9,100.0,0.9999999999977496
1.385659,52.288546,train,6.02803366825091E9,100.0,0.9999999999977496
0.71404,51.328231,train,0.018039877963492712,57.18298917484416,0.5707815231021307
0.67748,51.115111,train,0.059439665504287593,98.93280868939702,0.8141821891678135
0.171308,50.848157,train,2175157.283050846,100.0,0.9999999937633491
23.073676,63.906534,train,2.232345489298087E9,100.0,0.9999999999939231
8.907403,55.923665,train,1.433869086563852E11,100.0,0.9999999999999054
8.440259,55.80747,train,6.02803366825091E9,100.0,0.9999999999977496
14.411983,51.113441,train,1.722777937983637E10,100.0,0.9999999999992125
14.887337,51.246731,train,9.512979559574062E9,100.0,0.999999999998574
12.797356,53.396328,train,1.9227352953828564E11,100.0,0.9999999999999295
12.831147,53.383263,train,1.9227352953828564E11,100.0,0.9999999999999295
10.976028,47.456184,train,0.01404791602688292,44.72464431335958,0.5087315534705683
14.170474,56.606231,train,5.732232808797616E10,100.0,0.9999999999997633
25.620236,62.282946,train,0.0011183470160086929,2.575078473943814,0.07616069854504891
26.14422,62.1574,train,0.002615694776802167,9.033533752562777,0.16164832323723166
22.232073,60.586246,train,4.661363323365741E9,100.0,0.9999999999970898
21.347985,60.792698,train,4.751321410319465E10,100.0,0.9999999999997145
23.964647,62.237072,train,0.007561053174995503,28.991562840591126,0.35789003376318224
23.966244,62.239945,train,0.007561053174995503,28.991562840591126,0.35789003376318224
23.966147,60.561125,train,4.661363323365741E9,100.0,0.9999999999970898
26.526732,61.418489,train,0.007561053174995503,28.991562840591126,0.35789003376318224
25.501798,64.97968,train,4.97506312222402E-13,3.968589212134572E-10,3.6673849374630603E-11
25.527037,64.980325,train,4.97506312222402E-13,3.968589212134572E-10,3.6673849374630603E-11
13.245461,57.388143,train,1.6142536451978536E7,100.0,0.9999999991596304
15.270794,60.133311,train,6.821674761767079E9,100.0,0.9999999999980114
16.030607,60.741944,train,1.724177623292442E7,100.0,0.9999999992132077
17.86694,60.20722,train,6.821674761767079E9,100.0,0.9999999999980114
14.98884,59.452486,train,9.410416149298262E-4,1.9184478060674093,0.06486927686691323
14.966058,59.162115,train,3.16267705467874E10,100.0,0.9999999999995711
14.891389,47.742222,train,0.010131774042020435,37.164795816040524,0.4275466446749558
15.040833,47.851667,train,0.010084997553062535,36.90317156346479,0.4264144428913917
4.8,53.05,train,1.8295020810173967E9,100.0,0.999999999992585
4.8,53.1,train,8.36114214225244E8,100.0,0.9999999999837753
13.417654,54.037113,train,1.376947918277341E11,100.0,0.9999999999999015
13.446589,54.080807,train,3.012900676823477E11,100.0,0.9999999999999549
-2.17964,48.03266,train,5.470766611807857E-5,0.0832364111537084,0.004016596366798017
-2.04571,48.14748,train,9.703456639533709E-12,7.708013742437712E-9,7.152936520148914E-10
11.865712,58.179492,train,1.9227352953828564E11,100.0,0.9999999999999295
11.786642,58.164986,train,1.9227352953828564E11,100.0,0.9999999999999295
-1.96,42.849998,train,1.6081194774839006E7,100.0,0.9999999991564248
14.821609,61.122333,train,1.3869695810723136E-4,0.20034503100524598,0.01012061992756981
14.657092,61.093887,train,7.765316499487568E8,100.0,0.9999999999825304
18.792648,63.291714,train,6.821674761767079E9,100.0,0.9999999999980114
2.274929,41.517853,train,2.1106466671415526E7,100.0,0.999999999357273
2.370626,41.536431,train,0.006234703230433603,21.6510082291804,0.3148776437482746
23.81444,58.71444,train,4.661363323365741E9,100.0,0.9999999999970898
23.70389,58.72415,train,6.821674761767079E9,100.0,0.9999999999980114
-2.5942,54.648,train,8.904313132557607E7,100.0,0.9999999998476503
23.012,49.363,train,0.010084997553062535,36.90317156346479,0.4264144428913917
23.065,49.706,train,32.78270738401135,100.0,0.9995863646907693
24.65056,57.88722,train,6.821674761767079E9,100.0,0.9999999999980114
19.83184,50.197423,train,49.249789589317764,100.0,0.9997246290578753
7.53558,46.07398,train,2.3637339118813824E10,100.0,0.9999999999994261
7.93102,46.92754,train,0.033984522620118016,84.71321154165148,0.7147080120350235
28.15636,66.758873,train,0.006664058646496879,23.077077768435494,0.3294186498731329
22.845797,61.325589,train,4.661363323365741E9,100.0,0.9999999999970898
23.230764,61.483967,train,0.007561053174995503,28.991562840591126,0.35789003376318224
25.91603,60.953321,train,0.016544345596558537,55.77482436285167,0.5494627178541343
-4.75871,55.307882,train,6.740739370403756E-10,9.001790018465468E-8,4.968959026165645E-8
-5.303212,55.883247,train,1.1532594425118771E-8,1.8209936089666934E-6,8.501284524701399E-7
-0.49111,54.27243,train,8.36114214225244E8,100.0,0.9999999999837753
-0.652474,54.486241,train,1.8295020810173967E9,100.0,0.999999999992585
-4.489302,54.760265,train,8.904313132557607E7,100.0,0.9999999998476503
-4.554471,54.937034,train,1348382.4893484546,100.0,0.9999999899392816
-5.426637,57.538532,train,2.2897725326698304E-23,1.8265429700383936E-20,1.687913718988955E-21
-5.123872,57.905911,train,1.3015084690939458E-13,1.038208429331248E-10,9.59411456377914E-12
0.321159,53.101043,train,0.46355842322644164,100.0,0.9715677829000907
0.305756,53.092351,train,0.46355842322644164,100.0,0.9715677829000907
-5.976307,56.672653,train,1.1532594425118771E-8,1.8209936089666934E-6,8.501284524701399E-7
-5.96097,56.682134,train,1.1532594425118771E-8,1.8209936089666934E-6,8.501284524701399E-7
-5.217466,49.995008,train,2.415808392048683E-7,2.8065464017854003E-5,1.7807897746915897E-5
-4.496327,58.385693,train,3.4508429889288263E-19,2.7527245227214417E-16,2.54380080989892E-17
21.091778,66.010211,train,7.697169395710196E-4,1.1228438119051076,0.05369338943305196
20.25347,65.367409,train,8.788317265061101E-16,7.010407754454019E-13,6.478338379414088E-14
20.246176,63.853491,train,6.170197274078622,100.0,0.997806239239487
20.277824,63.952542,train,2.7248010400957956E-4,0.3522415661667251,0.019690462889632263
17.848779,58.954815,train,5.732232808797616E10,100.0,0.9999999999997633
17.799686,58.947499,train,5.732232808797616E10,100.0,0.9999999999997633
-8.402046,52.345327,train,3.7120711449718825E-8,4.799644454392078E-6,2.7363585583213202E-6
16.35895,61.472635,train,0.007561053174995503,28.991562840591126,0.35789003376318224
16.94056,61.36667,train,6.821674761767079E9,100.0,0.9999999999980114
13.594205,62.242957,train,8.766420279852741E-7,1.5901477720088445E-4,6.461779368345322E-5
15.493352,64.815694,train,4.276998343693405E-12,2.999998904338114E-9,3.1528040777568454E-10
16.209821,64.1187,train,5.560160943913147E-4,0.7171035239448355,0.03937313469729511
12.444523,63.794518,train,4.4077301170450305E-5,0.07112522366131048,0.0032386505190191606
12.447578,63.959472,train,2.4568886271214152E-11,1.631914268087354E-8,1.811103921052E-9
31.283331,40.643478,train,1.0935634242436258E-13,8.723314461783376E-11,8.061240494479424E-12
15.7,48.466667,train,1.4300594492174505,100.0,0.9906030338990708
18.243229,62.93629,train,4.661363323365741E9,100.0,0.9999999999970898
14.14224,60.933436,train,1.0774192439912365E-16,8.594532940796871E-14,7.942233113064118E-15
13.34861,60.97833,train,2.050338552190636E-12,1.5270431880707655E-9,1.5114141343359713E-10
6.861206,61.182535,train,2.4546866684989693E10,100.0,0.9999999999994473
6.853759,61.194627,train,2.4546866684989693E10,100.0,0.9999999999994473
9.260068,58.864558,train,6.735282526238263E9,100.0,0.9999999999979858
13.71,46.98,train,619.2409899483914,100.0,0.9999780935054354
13.77,46.99,train,1793.4984244120394,100.0,0.9999924362387137
15.519421,58.058412,train,3.16267705467874E10,100.0,0.9999999999995711
15.662253,58.361439,train,3.16267705467874E10,100.0,0.9999999999995711
12.908629,59.595687,train,4.661363323365741E9,100.0,0.9999999999970898
14.542775,50.025705,train,1.5504145684900301,100.0,0.9913261715250071
21.284056,52.072231,train,34.01636667992269,100.0,0.9996013598732076
-3.43,43.310001,train,0.0031174962035514222,10.092691886452455,0.1868644838095957
-3.43,43.130001,train,1.0721054073620369E8,100.0,0.9999999998734668
-4.53,42.939999,train,20.381754424385857,100.0,0.9993348622881695
-4.16,42.939999,train,0.023850938172498476,64.87383096498772,0.6374420988081886
-4.78,43.200001,train,2.823106677273676E8,100.0,0.9999999999519477
-5.27,43.110001,train,6.4695189695126265E7,100.0,0.9999999997903136
-6.85,43.110001,train,396557.83618466515,100.0,0.9999999657913806
-6.84,43.470001,train,0.003095727664496771,10.023876712062615,0.18580210330686747
-6.5,42.740002,train,0.04286965119027314,88.9445184337968,0.75962411682173
-2.82,41.959999,train,0.0010349942807452123,2.071630350508753,0.07088666503702122
25.968,50.753,train,1.945243189539987E10,100.0,0.9999999999993027
25.911,50.901,train,8.890099102782972E9,100.0,0.9999999999984741
-1.9283,46.88981,train,1.0313824843340904E-12,8.227299433907599E-10,7.60287155104541E-11
-1.78924,46.80548,train,2.2567687156981964E-12,1.6635986198923701E-9,1.6635848412142855E-10
19.840506,66.719283,train,9.073496896010197E9,100.0,0.9999999999985049
14.258644,55.647883,train,1.433869086563852E11,100.0,0.9999999999999054
14.460936,56.024729,train,167.04123232497867,100.0,0.9999187949300592
21.554482,66.961947,train,2.4649485572178177E-5,0.0426587900367993,0.0018137496642417414
11.16679,55.75137,train,4.9153551729391035E-12,3.5538392963205827E-9,3.6233710155598967E-10
29.52032,64.12875,train,0.0016842181591714418,4.394397980495425,0.11044115265464043
20.316042,47.722553,train,1.4918762263653325E-6,7.9494114937512E-4,1.0996207752811402E-4
20.509607,47.910901,train,1.375838680043751E7,100.0,0.9999999990140053
22.469192,65.849759,train,6.49499007392756E-12,4.924336347325664E-9,4.787804329388094E-10
22.944455,65.896,train,1.2539820933078284E-12,1.0002461431094423E-9,9.243772244910223E-11
17.460563,64.87185,train,532322.5227187426,100.0,0.9999999745160206
15.165188,63.929334,train,195563.46204722888,100.0,0.9999999306327702
18.307989,59.919666,train,2.523248706802154E7,100.0,0.9999999994623718
16.522453,63.618144,train,2.3772610838621735E-4,0.32115659594374063,0.017222258141618464
24.530086,41.604525,train,1.1698330786711073E8,100.0,0.9999999998840373
24.408819,41.566617,train,2.1104893831745532E8,100.0,0.9999999999357225
16.269101,57.781022,train,3.16267705467874E10,100.0,0.9999999999995711
17.72,66.95194,train,5.073617421411822E-4,0.6432096059873764,0.03605198893843378
23.71139,66.38944,train,0.003112965678805801,10.078369894073237,0.18664360694756116
23.73194,66.39,train,0.003112965678805801,10.078369894073237,0.18664360694756116
15.65,66.18833,train,0.0030287086591526033,9.812017350113278,0.18251384244557398
19.162729,49.116827,train,0.0012057372681776456,3.0928665931932904,0.08162628505964427
19.202498,49.125004,train,0.0012057372681776456,3.0928665931932904,0.08162628505964427
25.41778,58.41333,train,4.661363323365741E9,100.0,0.9999999999970898
26.075827,58.405318,train,4.661363323365741E9,100.0,0.9999999999970898
24.27982,59.11822,train,6.821674761767079E9,100.0,0.9999999999980114
24.80813,59.44189,train,9.426966953616798E8,100.0,0.9999999999856097
25.686079,66.515737,train,2.0120644295560276E-12,1.501724507626226E-9,1.4832002328518146E-10
24.892867,67.663946,train,62200.75154648918,100.0,0.9999997819046673
27.994461,64.082853,train,2.1675992879529897E-7,2.5259991951387997E-5,1.597827759374692E-5
24.640673,65.794838,train,0.003112965678805801,10.078369894073237,0.18664360694756116
24.933,49.663,train,2.3896116606868446E8,100.0,0.9999999999432305
24.741,49.115,train,49.01557069027237,100.0,0.9997233135731728
29.501,48.35,train,0.01986046674489941,59.914949508633235,0.5941593285878548
25.124,51.294,train,0.004809781636555756,12.968337475098341,0.26175001193522685
23.968,50.053,train,0.6056151632239356,100.0,0.9780908980906041
23.505,50.7415,train,8.890099102782972E9,100.0,0.9999999999984741
25.857,48.969,train,6.852416513246766E8,100.0,0.9999999999802031
25.804,48.996,train,9.618574136131825E8,100.0,0.9999999999858964
15.877705,62.645951,train,1.4119382002914E-5,0.01660559107314996,0.0010397329438063573
25.042588,61.054289,train,0.007561053174995503,28.991562840591126,0.35789003376318224
13.1481,41.9314,train,1.376947918277341E11,100.0,0.9999999999999015
3.56222,44.11255,train,1.0357759435877777E11,100.0,0.999999999999869
3.81593,44.381,train,1.0298064232498784E7,100.0,0.9999999986826945
-8.841855,53.093361,train,1.9286331502103174E-5,0.026312865012721225,0.001419680220429919
28.4,63.866667,train,9.290775305875898E-17,7.411216651012594E-14,6.848727056982679E-15
8.108845,56.344627,train,1.8295020810173967E9,100.0,0.999999999992585
12.189132,56.046337,train,1.433869086563852E11,100.0,0.9999999999999054
30.767,51.05,train,0.0023741252304251286,8.542948513905493,0.148943022202057
31.789,50.944,train,1.840091970310658E10,100.0,0.9999999999992628
4.80834,44.00904,train,4.1671651133242266E-4,0.5448895302750398,0.02980290378256934
23.44718,54.02921,train,6.821674761767079E9,100.0,0.9999999999980114
23.39,54.1141,train,6.821674761767079E9,100.0,0.9999999999980114
25.291927,54.747798,train,18.855091750578936,100.0,0.9992810460100142
18.092547,48.681605,train,4.229392226911729E9,100.0,0.9999999999967926
22.798634,53.595429,train,0.004809781636555756,12.968337475098341,0.26175001193522685
22.6715,53.6342,train,1.2306945685391142E10,100.0,0.9999999999988978
-7.184563,53.116004,train,0.030956474219836702,77.85534937442202,0.6953046915613921
-7.687901,53.237812,train,0.030956474219836702,77.85534937442202,0.6953046915613921
-9.377401,52.022977,train,40.650274294660846,100.0,0.9996663941093555
-9.024806,51.86165,train,0.24784694784347364,100.0,0.9481061959019207
-6.74445,52.740145,train,5.505709694149802E-4,0.7088337269038465,0.03900258821060514
17.4872,54.106,train,1.0341489487196709E11,100.0,0.9999999999998688
17.9971,54.4041,train,1.9227352953828564E11,100.0,0.9999999999999295
16.6468,53.3939,train,5.705768171551108E10,100.0,0.9999999999997623
15.199,53.915,train,9.512979559574062E9,100.0,0.999999999998574
21.9856,50.606,train,2.6928836227541523E10,100.0,0.9999999999994963
